Year,Alltaxon,Plantae,Amphibia,Reptilia,Aves,Mammalia
1900,100,100,100,100,100,100
2015,100.618284,100.271427,96.20859,96.57236,101.239805,101.771438