Year,BHI_habitat,BHI_species
2005,0.721352,0.921587998
2015,0.720234,0.921230705