Year,BHI_habitat,BHI_species,Hotspots_habitat,Hotspots_spp
2005,0.701098333,0.915049807,0.585632333,0.874794939
2015,0.700328,0.91479835,0.580473667,0.872862088