Year,BHI_habitat,BHI_species
2005,0.703386,0.915795341
2015,0.703245,0.915749443