Year,BHI_habitat,BHI_richness
2005,0.678557,0.907604381
2015,0.677505,0.907252401