Year,ArithMean
1900,0.973058
2015,0.957366
