Year,Coarse_LUH2_Hot,Coarse_LUH2_IPL
1970,0.457046504,0.570386603
2015,0.351833783,0.498881226