Year,WMean
1990,31.65151172
2000,31.08274194
2005,30.90201112
2010,30.76821831
2015,30.63844291