Year,Mean
2004,65.13462
2005,60.48077
2006,53.33962
2007,50.84615
2008,49.5
2009,49.26923
2010,61.07692
2011,49.63462
2012,47.4717
2013,45.38462
