Year,Data
1910,6.855900682
1930,7.912457317
1950,9.287376464
1960,10.53251825
1970,11.10503353
1980,12.63044788
1990,14.0268118
2000,14.20041694
2005,14.82979992
