Year,Hotpsots
1970,0.818784882
2014,0.761732799