year,IPL
1970,0.881359628
2014,0.845924317