Year,MSA,MSA_hot,MSA_IL
1850,0.927844,0.908214383,0.962442645
1980,0.8153439,0.731192417,0.903156857
2015,0.7610363,0.646552289,0.855090601