Year,data
1970,76.56127513
1980,106.117318
1990,122.5128878
1995,122.4787149
2000,126.5493109
2005,132.3948311
