Year,Percent_nations_Cat1
1994,12.09677419
1997,20.86330935
2000,25
2002,28.30188679
2004,33.93939394
2007,44.37869822
2010,48.57142857
2013,49.43820225
