Year,data
1994,0.820340568
1996,0.817303198
2000,0.80334369
2004,0.788702284
2008,0.774055777
2012,0.760270574
2016,0.745006906
