Year,RLI for pollinators (aggregate) -  mid-estimate
1988,0.909007322
1994,0.906654581
2000,0.904011525
2004,0.901868044
2008,0.900235884
2012,0.898907862
