Year,RLI for birds driven by pollution impacts - mid-estimate
1988,0.920757377
1994,0.920737234
2000,0.920616376
2004,0.920485447
2008,0.920455232
2012,0.920465304
