Year,data,,,,
1988,0.837929384,,,,
1994,0.829782458,,,,
2000,0.82111056,,,,
2004,0.815472531,,,,
2008,0.809553716,,,,
2012,0.803901817,,,,
