Year,RLI for seabirds (aggregate) - mid-estimate
1988,0.850948074
1994,0.848083948
2000,0.841127064
2004,0.837532929
2008,0.83582104
2012,0.835050931
