Year,Data
1988,0.939551511
1994,0.939291518
1996,0.938316542
2000,0.936431589
2004,0.935911602
2008,0.935326617
2012,0.933311667
2016,0.93279168
