Year,data
1988,0.792431537
1994,0.790024095
1996,0.788436243
2000,0.784335997
2004,0.782502339
2008,0.780073958
2012,0.777243216
2016,0.775566292
