Year,RLI for birds driven by invasive alien species - mid-estimate
1988,0.920737234
1994,0.920717091
2000,0.920535804
2004,0.920334374
2008,0.920273945
2012,0.920273945
