Year,data
1988,0.742327698
1994,0.737838011
1996,0.736175828
2000,0.732850005
2004,0.729835593
2008,0.726738407
2012,0.722852465
2016,0.720213848
