Year,Aggregated RLI - mid-estimate
1988,0.888230948
1994,0.885546336
1996,0.881108612
2000,0.863846377
2004,0.847509345
2008,0.830917742
2012,0.81879272
