Year,data
1988,0.913459207
1994,0.911213721
1996,0.910474714
2000,0.908732535
2004,0.906794796
2008,0.90524872
2012,0.903191033
2016,0.901731048
