Year,data
1988,0.843354985
1994,0.841917423
1996,0.841423803
2000,0.840423374
2004,0.839454501
2008,0.838466298
2012,0.837412293
2016,0.836564755
