Year,data
1988,0.883810125
1994,0.883760113
1996,0.883716489
2000,0.883586693
2004,0.88346082
2008,0.883372982
2012,0.883275119
2016,0.883210734
