Year,RLI for trends driven by use
1988,0.842951545
1994,0.842041936
2000,0.841070712
2004,0.840493569
2008,0.839907859
2012,0.839369535
